,A,B,C,D
2000-01-01,-1.0963671087114188,0.9757024697533107,-0.09391958465677802,1.2288433842065667
2000-01-02,-1.1883676506725078,0.3149986766049768,0.16233360734057217,1.1524302103563648
2000-01-03,-1.4647522271511368,-0.4066038941985275,0.768784307656819,2.5524092921726633
2000-01-04,0.7786611207888856,0.1556122843997485,-0.10625228692288258,2.5773041932383767
2000-01-05,2.7925180170968376,0.6260602161457205,-0.9879835379851744,2.2118043293119607
2000-01-06,3.700252518239042,-0.05833958991349053,-1.9915817043697785,3.130739531350654
2000-01-07,5.447782471479861,-3.2599068472747197,-2.9106377655528686,4.523381814537197
2000-01-08,3.3332676494028246,-3.3147929156928893,-1.9509410041889377,5.442872976138696
2000-01-09,1.994217245856206,-2.6727215092634284,-1.5809786618832147,4.956426145772453
2000-01-10,4.058556696969749,-1.5821067308425825,-1.9138771471394147,4.6327805903128665
2000-01-11,3.9606644202197123,-0.4856970146108268,-3.0628229900041033,4.760930064221634
2000-01-12,4.276277961234684,0.6365259083917241,-4.947627405088682,4.3289145475154704
2000-01-13,4.493449872876657,0.20078172787493448,-4.828670220973409,4.052440105426765
2000-01-14,4.319457990321301,-0.3381863041471482,-3.03112993694627,4.487269915354974
2000-01-15,4.112166047342873,-0.28912465442603913,-3.047778757755155,4.932290209836965
2000-01-16,5.311115963625865,-1.2826616787775156,-3.633402751612884,5.827490068314917
2000-01-17,4.394059219821776,-0.9147684954878044,-5.114527036874475,7.133828749625471
2000-01-18,2.3986664146787664,-0.7022933987612443,-3.9106891899554554,7.7892134690552135
2000-01-19,2.4338812897982787,0.5065560135950995,-5.338240946431993,8.539668712190984
2000-01-20,1.2944220220893257,-0.21907764926655182,-2.5805839568158278,7.05484820858223
2000-01-21,0.6282491114260518,1.0719744195695644,-2.1824474927982656,5.951136855956404
2000-01-22,1.822119461696986,0.26136037907104115,-2.2536388021531666,5.546871824477711
2000-01-23,1.1790859438423862,0.681626091715948,-1.2405370570016974,4.763996812456313
2000-01-24,1.1868777986175676,1.0537842240107653,0.08790815282665365,5.783589344512324
2000-01-25,3.9364204587900744,1.642054893677757,-0.2756175860517945,5.936742825376545
2000-01-26,3.981078034488328,1.8238783825916884,-0.6173935386496516,6.284318044111152
2000-01-27,3.303170453016273,2.7662415517047476,0.29042732156863715,7.101085353589751
2000-01-28,2.3024828531656567,2.757523346023259,1.9501028655697055,5.208191506340322
2000-01-29,1.7927231658330918,2.473519383788929,2.5121175177181176,4.867295603826699
2000-01-30,2.3399396631625127,1.7355671245915767,3.049719980505169,2.433101793647002
2000-01-31,2.524072422991579,2.4714950696924807,4.589835688803577,2.2267343111488125
2000-02-01,3.621056132541428,2.338599799898893,4.711029151426402,3.3162382461168125
2000-02-02,3.8401489239394784,3.4147663797135825,4.949036364583682,4.62827666756483
2000-02-03,2.5416307966181364,4.268494523853009,4.908998591685473,3.922563731711252
2000-02-04,2.8005550167174995,4.291140384745014,2.5174089485644218,3.050092587101217
2000-02-05,4.443248804164039,4.062914916116616,2.344811673772888,3.8855727660248784
2000-02-06,2.8564663960572503,3.1399231708038595,2.53377575770216,5.720053518855269
2000-02-07,3.305655247841315,3.37461016725711,2.8495727271010787,6.343465590418241
2000-02-08,2.830683035649194,1.4133965025057718,3.7669917705241307,6.973195609823979
2000-02-09,3.84353001598998,1.9000953139731622,3.684935441534546,9.077593488599726
2000-02-10,4.3027713875560645,2.0626300534919553,4.321815486744807,9.076344774790202
2000-02-11,3.9015467911247215,4.469737830850153,5.1497420064618105,8.309962234961922
2000-02-12,1.898504968774394,6.0073921111796995,5.6270885237796655,8.074710585850635
2000-02-13,1.3139733512132497,6.212736482131449,4.9617104423776,9.800905585989799
2000-02-14,1.3847703656506012,6.885668355866664,5.895525270613229,8.60336600159259
2000-02-15,2.8646892605584746,6.521492406849571,4.786801388022,8.165855370598313
2000-02-16,4.104671637913585,7.367265239425671,4.017385310179343,8.648704473373288
2000-02-17,4.83986495307771,7.127897261677028,5.2630279901113735,8.398142393823521
2000-02-18,3.6223864057801545,6.37740306741923,4.859191407331678,9.648327389587715
2000-02-19,2.60499624372527,5.969296300068213,2.9299335101613746,8.29461164208233
2000-02-20,1.4966539783065744,5.905815394159541,3.1352752481935986,9.077540484674266
2000-02-21,3.124038632025475,7.382627362517896,4.928046998840804,8.194188824833233
2000-02-22,3.796728422418177,8.059691574898538,4.427817249269242,7.391036149726311
2000-02-23,1.670519824578419,8.087056702127748,3.6340346887454698,5.456403608523979
2000-02-24,0.23759214660787364,8.40235305513625,2.337963166493429,7.03090524835
2000-02-25,0.2669639154941876,9.01457955374327,1.2627784507052626,6.0527237168835315
2000-02-26,0.161277002350956,9.665119099602547,1.0626184470902373,4.187963981394742
2000-02-27,0.44230854049743035,9.075896983553934,1.5503841749490255,3.4080910961281607
2000-02-28,-0.6493677333943488,7.393557147784051,2.2566558062041966,4.370662166533982
2000-02-29,-0.42739054914870767,7.934420392437337,2.242595336563717,5.250516025486548
2000-03-01,-1.3743317816556977,8.737035964692831,0.8403295397413144,5.487945662651715
2000-03-02,-1.4991897844461324,10.282797053223193,0.07675185326069323,4.226153873091789
2000-03-03,-2.6151051351831853,10.22449085464863,-0.7854487764364176,4.169381892970383
2000-03-04,-2.909701904376778,10.963733070476806,0.09469827726229385,3.0031479832761194
2000-03-05,-2.3472728298719963,10.781776560849595,-1.5643948014022366,3.910746076393689
2000-03-06,-1.469010432968004,9.392004800856473,-3.2119160181465696,3.5826674126753777
2000-03-07,-2.2732982137629887,7.992791810758137,-5.160137720391906,3.189747037079213
2000-03-08,-2.8835052085094857,8.378532107523768,-6.6568959488161585,1.8091830530332744
2000-03-09,-3.3968216552556343,7.412387193654628,-5.693610071868449,2.345221257366069
2000-03-10,-3.508219575570663,8.094884748019034,-3.7681976216679494,3.4462874387026496
2000-03-11,-2.817521890176919,6.438663816798702,-3.705149491987379,2.095442701468222
2000-03-12,-2.6868163464108012,6.050195029845949,-3.413662565413642,-0.04501917064277983
2000-03-13,-2.3013935161695347,6.815997705003769,-3.062467319470474,-1.7231027757910724
2000-03-14,-3.219309297539913,6.174457250029388,-3.239654770214742,-1.8138564631027567
2000-03-15,-1.1132222288625204,6.381455946623029,-3.7741435049485057,-1.4975675226681409
2000-03-16,-0.12439510027895084,7.510985160570367,-5.083155764613513,-1.6668860438540096
2000-03-17,0.2723543626050798,7.837672774404799,-3.9708097330851326,-1.6727874334484516
2000-03-18,1.9350078017399386,8.00493856594162,-3.3939338729847264,-0.06276956212581153
2000-03-19,0.970393431001727,8.041072627350383,-3.55662522826834,-1.3256604550097149
2000-03-20,1.8028960810231323,8.623584997613856,-1.3329934093083087,-2.116182527381124
2000-03-21,2.4708421872913715,9.652436163821575,-1.9680092993652685,-3.9047117574526435
2000-03-22,4.862976372187182,10.663026021172817,-1.9215982428691714,-4.245836730959675
2000-03-23,5.65749668923941,10.316013567576237,-1.6961260945078402,-4.799498952290093
2000-03-24,4.539203161728572,11.560903972250575,-0.7523810580221448,-3.230643379133487
2000-03-25,3.7140445681687244,12.042259309992245,-2.090838609654626,-2.3820303296842416
2000-03-26,3.676435366758983,12.168725663526535,-1.1726054800429464,-1.4223958139710207
2000-03-27,3.8337226229445647,12.417284134126378,-0.34711941428340853,-1.0584811956678566
2000-03-28,4.010482335740383,12.241534645298161,-1.3605480831047134,0.10493077664714257
2000-03-29,5.1359818425733925,10.22395722801005,-3.4280730237778188,0.6665904880491501
2000-03-30,3.90850611546952,11.49391895974712,-2.6346393611208496,1.4028548544117063
2000-03-31,2.996357715116198,13.7516218180078,-1.4484312716645118,0.8501186056518341
2000-04-01,2.585118482873327,14.029550650659925,-2.9623921397521404,0.2794382025409
2000-04-02,1.366994425461575,14.623273983147774,-2.3501028711617016,-0.433034003801001
2000-04-03,1.841452857515758,14.199875120847414,-2.145530219107944,-0.3322247244943366
2000-04-04,2.352478641772838,13.947818105659527,-1.7408210768474168,-0.8789889641668268
2000-04-05,4.714579081765772,12.402977595077921,-1.9260608817852778,-1.112003697009953
2000-04-06,6.160674199931987,10.668921716820572,-2.758578581862425,0.29246405924079233
2000-04-07,6.360132623127866,9.218809679009512,-2.9079556487120204,0.29258185108564966
2000-04-08,5.718959364300138,9.140986570671766,-2.2395234791898866,1.1953249956263858
2000-04-09,5.36553279408147,9.184402544288854,-2.5555731303153104,0.7572709022684472
2000-04-10,5.85743348387747,8.024287623299182,-2.7274581680038303,1.8193839604976598
2000-04-11,6.156108102574711,7.084787368391261,-5.309334500035409,3.2088584235337407
2000-04-12,3.961785059069163,6.56107003109739,-5.1320405823851285,1.8715880675807415
2000-04-13,2.887699832298594,8.197864598856176,-3.959678112319608,1.0241609183381777
2000-04-14,3.931263140233722,6.912263576752358,-3.241660809645429,2.728641611430723
2000-04-15,5.552888044543362,7.95185868710254,-1.3365091729232337,1.8353740401204517
2000-04-16,5.638930081892513,8.57527132500779,-1.202576937803868,0.5580085358152622
2000-04-17,4.8267523411264905,9.455307474615799,-1.2601420584235312,-0.13326364841739358
2000-04-18,4.87813961306456,8.963064194803977,-2.1976315131688025,-0.9210212821481488
2000-04-19,4.684780330183169,8.977457394190946,-2.952346008023455,0.28153949965673875
2000-04-20,3.889759497455266,10.963666423837738,-1.7499025486691548,-0.14606053489872894
2000-04-21,3.510121649782768,10.850410161569544,-1.1991070717719507,-0.5774777117281058
2000-04-22,4.11042579635362,10.227914283586154,-1.5732831847861177,0.37876448673463115
2000-04-23,4.532198911906931,11.04294008120879,-1.0112404159662476,-0.0459448035184607
2000-04-24,3.31803079755671,9.677855655146573,-2.6304434913548085,0.10640214694696296
2000-04-25,1.8254361250482984,9.362988455712285,-3.914111389526867,0.7748880149108678
2000-04-26,1.5032402583949054,9.64725362968976,-3.9916049195149275,-0.2649744616038673
2000-04-27,-0.43190518939595024,10.238492406796077,-4.786146288971406,-1.6375800352464114
2000-04-28,0.14834440647130342,10.515490132377366,-4.611458338508892,-2.6500806215736996
2000-04-29,-1.101056018884028,10.786675438610809,-4.022786366819147,-2.2282117294811843
2000-04-30,-1.57992483962577,10.246605870696957,-4.915763108333778,-2.1062500244379896
2000-05-01,-0.9967585001886895,10.736222986442648,-5.220280094825161,-1.596205469792176
2000-05-02,0.5807580666815885,9.920020258246982,-5.5793975060547725,0.3693337105853427
2000-05-03,0.011494769344747469,10.877923742543837,-6.006975461361915,1.4921310051449308
2000-05-04,-0.17805070844234216,9.717230416799824,-5.187644045055678,-0.6601726654796685
2000-05-05,-0.12054664125707883,11.23729926758952,-6.195035712003439,0.8819257714566171
2000-05-06,-0.8120300845307717,10.571842880121876,-6.269693637415049,2.227107457507496
2000-05-07,1.5036879982357556,10.15901305352394,-4.122604697491951,3.0568172870668953
2000-05-08,1.2907809981623481,10.565745026385581,-3.726031570414168,4.094976848593054
2000-05-09,-0.08454012408234712,10.188559516607167,-4.114104308648902,5.0004693589178695
2000-05-10,0.10165194546932155,11.39854628625893,-6.663629062283931,5.82551030969471
2000-05-11,0.9542542298947857,12.025523691073666,-7.647104049898986,5.464787204842849
2000-05-12,1.7630345620136754,11.616758038067925,-7.537936659604327,5.769589116865736
2000-05-13,1.0498499442600326,11.0251579504349,-6.055902716912642,5.22104514257596
2000-05-14,1.772849748735872,11.36870053743755,-5.249782140652871,6.096712728565126
2000-05-15,3.001444408165148,11.366884818673524,-5.854589477640916,7.289824795942865
2000-05-16,4.494641265289869,11.692384136401387,-4.7180678488653065,8.211385095755775
2000-05-17,3.493361497293214,12.886485376298724,-5.231692250276439,7.584754839563786
2000-05-18,4.215798471394188,12.489586277179658,-5.411999164170162,7.250422199612764
2000-05-19,3.8305472162462415,12.059839665264418,-6.003504311769579,6.056798205344755
2000-05-20,3.878724720290842,12.342134673443798,-5.5405022584006165,6.151727814126369
2000-05-21,2.2089019852519556,12.98362819011226,-5.736109363308448,4.45571459408191
2000-05-22,1.189205213050225,14.022684459390113,-6.649846934800544,4.0575450683448455
2000-05-23,-0.47962163974155625,13.836863547476982,-4.130865620817167,3.675264382555141
2000-05-24,-1.178806396153464,14.843965719078085,-5.11595189121239,3.0661657702132588
2000-05-25,-0.5903154693498914,14.618044563680805,-4.408934389707544,2.622253934365866
2000-05-26,-1.0903248476338343,16.372484464332295,-2.5569277808926723,2.5445664865714885
2000-05-27,-0.5484220762178609,17.465870177136775,-1.6994281985180024,2.163755269709047
2000-05-28,-1.6145141509393166,17.87112722244715,-2.560702228928079,2.847430200917308
2000-05-29,-2.378264493102082,15.891452695833815,-2.587197289332402,3.1570949390260186
2000-05-30,-2.5259884252051816,15.85778225883652,-4.754479009732308,5.152632819659947
2000-05-31,-1.609229335373584,16.378851523996204,-4.334768012715165,4.9988592090348565
2000-06-01,-1.4533718195585597,17.806208797801965,-3.0639681773657057,6.394252309378535
2000-06-02,-0.6739410026118876,16.97900715667169,-3.2325073128647257,4.661028840029271
2000-06-03,-1.1075830307104146,16.684552653885785,-3.511981439567851,4.018277028497208
2000-06-04,-1.7190930692946695,14.604669832956528,-2.8009262932077075,5.306987623208279
2000-06-05,-1.263206223120957,13.824531635523554,-1.5110226119132022,4.2536530575518565
2000-06-06,-2.6866764852421037,14.645045413914005,-0.4141353398067993,4.364782787220932
2000-06-07,-1.6253137630868864,15.95005090660143,-0.8891124160646993,2.9948432812595214
2000-06-08,-0.5230596842644379,16.271533377465676,-0.40200892387705217,3.0066198341370334
2000-06-09,-1.8957699704582365,15.666157651961326,1.3195026963215966,4.015267359898713
2000-06-10,-1.9269478224179286,16.870313318230043,-1.0296215166999214,4.4842784515073495
2000-06-11,-2.0092127324363678,15.662349441993719,-1.650533855058156,5.566954665471296
2000-06-12,-1.9882884143977706,17.225399187266696,-1.7186862449907658,4.384325494900458
2000-06-13,-1.3904524305671222,17.81225015204858,-3.1884529283071497,4.060291087358497
2000-06-14,-3.321690686215453,17.677574040315093,-3.189273398987045,4.659674436662599
2000-06-15,-3.680905727937153,17.493310757558532,-2.9762903328666233,3.9063478487267904
2000-06-16,-3.002392266632729,18.397233396817782,-2.257091966737261,4.021727576494349
2000-06-17,-3.615306531191644,17.787583245884075,-2.090282533482171,4.082913700515441
2000-06-18,-3.101932403114973,19.16674639372932,-2.513230639610825,3.7156093236207344
2000-06-19,-3.1361183230099416,18.81447075394124,-3.0586574332209993,3.307105517904999
2000-06-20,-2.9042580852676227,17.77599434105383,-2.2817822552718914,3.636216998077066
2000-06-21,-1.5519141497931457,17.861502532502143,-2.588854309067599,3.3291249028801015
2000-06-22,-0.178713468682419,19.382904338843893,-4.086636436655301,3.349447338103137
2000-06-23,-0.4243670475799042,20.263892610170004,-4.389261425466463,2.3497390010265073
2000-06-24,-1.0207727487570772,19.857820749826057,-3.541506797554996,1.8265922854026542
2000-06-25,-2.7642523589032573,19.019819998969854,-3.224419667701322,-0.3838393930468569
2000-06-26,-4.634385765199695,19.016711569635785,-3.7013664092629197,-0.592643688562436
2000-06-27,-6.6752541030131765,18.866816592829796,-6.033260245883853,0.44749804684191674
2000-06-28,-7.603400695209019,17.78505209045862,-4.954293042033497,-1.0683386449274894
2000-06-29,-7.9964226199696675,18.654544067960554,-3.8256573437330146,-1.0864639627108745
2000-06-30,-8.7747127911713,18.639539088005428,-3.563950687421608,-1.5082590827152407
2000-07-01,-9.116356570797654,18.005550993336733,-4.959759077316855,-0.4266642095292632
2000-07-02,-9.468476179389226,17.788395390836307,-3.8648536932447035,-0.20342126917159029
2000-07-03,-11.293107695541115,17.49082559129113,-4.5701791710726285,-1.0050919608875077
2000-07-04,-11.860517578382815,17.634815788788067,-5.283202504104985,-2.663769708382161
2000-07-05,-10.89839998369462,16.539938412292944,-6.679343548824338,-3.4144730181453165
2000-07-06,-10.152439815304227,17.25714509320079,-5.392983894248142,-4.026674664815051
2000-07-07,-10.637198141278153,18.921510824103066,-6.155357258532781,-3.117614627371188
2000-07-08,-10.780643282756298,22.287813288695837,-6.215276041561106,-2.567601614263345
2000-07-09,-10.156360183399723,21.680904658762433,-6.421920055445729,-2.6312516393715715
2000-07-10,-7.761889851003815,21.874456209665126,-6.372550972285217,-2.0376486282922937
2000-07-11,-7.0978535319625555,21.162400055810032,-7.325440547071796,-1.5429944961761461
2000-07-12,-6.347017947302807,20.408410338538918,-8.13670655948544,-2.3694047460571808
2000-07-13,-7.510986103379663,20.02179863991954,-7.273719495986036,-1.731611446663777
2000-07-14,-7.527938763824585,18.644506990470962,-6.871420185062194,-1.4464317367342252
2000-07-15,-7.212372528618423,17.521651210502515,-7.627562988235099,-0.47867967524570765
2000-07-16,-6.53866032443358,16.713989364994227,-7.190970352743362,-0.761535985220124
2000-07-17,-6.214774075325524,17.095080418726585,-6.909722562120827,-1.0670433839588986
2000-07-18,-4.963716348253877,17.168501671447064,-6.550289688505622,-0.5798517558661639
2000-07-19,-5.763352238413898,17.641719085062906,-5.296013035005533,-0.6194517331459504
2000-07-20,-6.859130614251883,18.56173264563646,-4.711543832533301,-0.7042605864912339
2000-07-21,-7.293036652897447,17.34912100205324,-4.4810450612856885,-0.8963292752406199
2000-07-22,-7.394104797092874,17.282764688619856,-4.808444641930197,-2.029322616247261
2000-07-23,-8.018133346966458,16.611120282942004,-4.782324220166209,-1.3564099659223414
2000-07-24,-9.486734208355688,17.61149406973034,-5.1768313132475114,-0.53873328031927
2000-07-25,-8.58018028151443,17.17619640864732,-5.492814617689448,-2.1232606883112153
2000-07-26,-6.900754147214683,16.85225285753468,-4.379835831213136,-2.1008489580271323
2000-07-27,-6.376921702256121,17.355283803170767,-3.8919376166990087,-1.62316064107297
2000-07-28,-5.0743526119561135,17.83839764386543,-2.0784572168588156,-1.228882025655499
2000-07-29,-5.472954467193902,15.918238029090432,-4.0415455000163,-0.25435115885633763
2000-07-30,-4.5320716688570455,16.67112571690436,-4.867370743060898,0.03485429272934876
2000-07-31,-5.973062531022959,16.75990541668327,-5.986234456082872,-0.7396170584386026
2000-08-01,-6.610113336066771,17.95245395871964,-7.007436541342909,-2.1656634871773104
2000-08-02,-6.877718043733663,18.378822742334336,-7.067797480675014,-3.1828112879453165
2000-08-03,-7.845171500335308,18.077079844932687,-6.5407093619388545,-3.5244575463051966
2000-08-04,-7.96963898666729,18.555317874435804,-6.143435542863358,-6.365326017916692
2000-08-05,-7.929146892995071,18.647242110485266,-7.0561171552158495,-6.22379656579401
2000-08-06,-8.344825006609494,16.999934318968553,-4.90010522665531,-5.787056564934978
2000-08-07,-7.845154762500833,16.182479167768584,-4.398914580965382,-6.777132842472082
2000-08-08,-9.587915799188703,16.97258615013063,-4.423349811129351,-7.328873534648602
2000-08-09,-10.562724746348007,17.529500331928567,-4.890900496456636,-5.810873445968103
2000-08-10,-10.067594090829385,17.722528513132588,-6.119236075737675,-5.347676850411461
2000-08-11,-10.792264509183179,16.096582319698758,-5.971955207459632,-6.395420343817303
2000-08-12,-11.73446832507937,17.387786126171385,-7.263330172864253,-6.987959073686769
2000-08-13,-11.23911799588018,16.48190710632856,-8.952064838194374,-6.993020239237478
2000-08-14,-10.645314059876128,17.21143721087713,-8.55493119762585,-5.238731504945963
2000-08-15,-10.108421746284513,16.174286984977755,-8.578820846432075,-7.015358577128431
2000-08-16,-8.45679835538024,16.354427697892525,-8.954970610345782,-7.300756784598289
2000-08-17,-7.328468569022716,15.727363357036833,-8.750641104120797,-9.306369830796514
2000-08-18,-8.307726927725481,15.139969725987084,-8.129475897107234,-9.585339214414772
2000-08-19,-10.619487812983305,15.87548236893799,-6.915626289388554,-11.29474095902855
2000-08-20,-9.226663251665876,17.353128242724644,-8.039199884788927,-11.315002639478081
2000-08-21,-7.6392797091947875,17.39149996430346,-6.906806074893413,-12.040732339464226
2000-08-22,-6.753242079090662,17.847908268571302,-9.749769686705248,-11.888090354567543
2000-08-23,-6.082090273342476,18.51603824627345,-8.773990946704632,-11.052244458296586
2000-08-24,-3.9388546038251184,18.78116637219831,-8.426178030206986,-10.835018207324241
2000-08-25,-5.136533349513918,20.319639348071064,-9.585846454953753,-10.668687755182312
2000-08-26,-5.761386118059884,21.286076494610814,-10.136388992599965,-10.768979799370694
2000-08-27,-5.197338613290287,18.976587234503544,-9.887775855243008,-11.244944923035614
2000-08-28,-5.296951704085963,18.575389931028525,-9.91739084674426,-9.777180175462778
2000-08-29,-4.849450519358877,18.771369505878063,-10.080389647909485,-10.240227108547892
2000-08-30,-5.097753289526,20.20418971458622,-9.860762132276337,-10.10998469631093
2000-08-31,-5.129514602767767,18.214797303546042,-9.367324245195228,-12.112620434226608
2000-09-01,-3.614215498901232,18.666249427889536,-9.142648954047718,-11.713633106605043
2000-09-02,-4.621093103033419,19.06165801017143,-10.003163052609029,-11.963448677859455
2000-09-03,-3.4904682283397914,18.689151129307863,-9.180944933805153,-11.192622090834593
2000-09-04,-3.7615899738072995,17.731455821281756,-9.128290232145758,-12.18300583750711
2000-09-05,-3.5215856966904173,16.496484002454185,-6.750526280183095,-11.712831029772545
2000-09-06,-1.9448004547286142,16.71902787266965,-6.656578674985941,-10.79688459911749
2000-09-07,-2.581087573530615,16.21365161078174,-6.069192010668605,-11.997188431712459
2000-09-08,-3.473640844331396,17.205615270177727,-6.141059075546433,-11.857762845273143
2000-09-09,-3.464634423021421,18.59999511010689,-8.549285260625345,-9.810419370659229
2000-09-10,-2.6225071721418924,17.78314111026601,-9.004123799649085,-10.554625266664278
2000-09-11,-2.706573550299789,18.93192696355898,-9.00818996806603,-11.375268537577009
2000-09-12,-3.782165668610613,20.026958532121313,-7.573351618132842,-12.161344335155563
2000-09-13,-4.342192452371757,20.370588084422888,-7.956812951713594,-11.82402041812394
2000-09-14,-6.547745651080305,19.323635708676314,-8.461240061287889,-12.640070411063563
2000-09-15,-4.149430271118957,20.087161252536852,-9.902165889310377,-11.849997285534783
2000-09-16,-5.211737504095177,20.287294138278583,-9.265259842588174,-12.411565893569696
2000-09-17,-4.532336896355027,19.327047056497815,-10.39316926092079,-12.85029065330926
2000-09-18,-4.7229331941245825,18.647750742191683,-9.641449412376526,-12.830074731249734
2000-09-19,-4.0399906114858135,19.926688912847794,-10.976008587307817,-13.201532850753324
2000-09-20,-3.9325447775299205,19.4211379645859,-10.220289235695148,-11.183420860450262
2000-09-21,-4.514663625433668,20.834854313500816,-9.81259126504502,-11.120743275675848
2000-09-22,-6.812024345564427,20.98310184549243,-9.145568426739564,-11.074255590878119
2000-09-23,-7.234146311226863,21.863513467086126,-8.991365592109736,-11.171625120734207
2000-09-24,-7.371229293811053,22.128540019259013,-10.262124703887162,-12.137703485571787
2000-09-25,-6.98873005864351,19.99573791442199,-9.401716426683416,-13.829494103926237
2000-09-26,-4.9212463504197785,19.224338019743485,-10.93693686947806,-15.177734199588627
2000-09-27,-4.750385400076387,20.450528389660825,-10.585377453454011,-14.708678121517579
2000-09-28,-5.434191152458851,20.77804673938973,-8.920466160439211,-15.877243560904647
2000-09-29,-5.499279165507132,18.37546084934787,-8.803149276260333,-15.274363191506989
2000-09-30,-5.856681983384741,18.14875244061815,-6.377187963541324,-14.845922666501467
2000-10-01,-4.448779787743905,17.332341299734694,-7.799053924504364,-15.612016194924484
2000-10-02,-4.628676845117465,18.482086928523668,-7.996206572822464,-15.751317970907241
2000-10-03,-4.346603438683655,17.27664945092152,-6.870762434488947,-16.07603466631749
2000-10-04,-4.029826119632497,17.62578720310613,-7.696303410436467,-14.871762263632156
2000-10-05,-5.982480135075433,17.69475289402886,-10.237440807702475,-15.350406699012382
2000-10-06,-7.198751664166873,17.688907072381898,-12.274753657111983,-16.430386304206994
2000-10-07,-7.782850801710034,17.98123882714042,-12.920261097655843,-16.614920105282533
2000-10-08,-6.850576427862933,17.709495711516112,-11.794891313048945,-16.3423126036335
2000-10-09,-8.530193180882634,16.65267150193872,-10.626910140920968,-16.53712566609029
2000-10-10,-7.9183642110170664,16.14549174738176,-9.569772578863,-17.49672200773133
2000-10-11,-7.411344567700772,15.360582234332972,-9.52927937536885,-18.428222270967044
2000-10-12,-7.918789722473418,17.473138102983192,-8.794313091537022,-19.22559755189947
2000-10-13,-7.848587626999794,17.86685421922757,-7.468353756988951,-20.926841759735865
2000-10-14,-7.101462957960321,17.81563478269114,-8.359266202663658,-22.213632523747787
2000-10-15,-8.10346406380252,17.047647690149393,-8.234072974907738,-23.787647354245095
2000-10-16,-9.501463850413803,16.02027615172967,-6.12361044554686,-22.8627422410155
2000-10-17,-10.28377109595174,16.15876358488761,-6.583725266217383,-23.953067892891667
2000-10-18,-11.446085520134833,16.414452964425536,-6.540333012769483,-23.788465760749922
2000-10-19,-10.574988245250115,18.574486636444828,-7.759950011472008,-23.758429068775445
2000-10-20,-10.67381762719589,18.89955401749482,-8.713420933602057,-25.09612843576006
2000-10-21,-10.365010511731201,19.828064466182248,-10.016776569420957,-26.44126576762389
2000-10-22,-12.115847272633207,21.49900840370713,-10.66886379729422,-27.111183003305698
2000-10-23,-11.19261667626081,20.153951296093183,-10.20826072191539,-27.398946357108805
2000-10-24,-9.626936478009329,20.236040744528697,-10.593528469930122,-28.817992393868558
2000-10-25,-10.581173915070659,19.857638278696356,-9.993351685622251,-29.335455110320773
2000-10-26,-11.32966054072482,18.831564256196586,-8.806342195086746,-31.07214498357749
2000-10-27,-10.186759773111472,18.65962623639795,-9.117454261795391,-31.390604761704576
2000-10-28,-10.829634919611534,17.868047364855673,-9.811961880192435,-31.909337109727456
2000-10-29,-8.630240881215279,18.27496758380799,-7.955927181386571,-32.37898163328763
2000-10-30,-7.1136737508988475,18.14255960304666,-6.8709068467810415,-32.27183006414579
2000-10-31,-8.8432438390101,17.561176817348905,-8.196838441743596,-31.95187250809409
2000-11-01,-10.698762002969017,16.331577901598077,-7.696267025302514,-30.84543263071945
2000-11-02,-10.896845800595205,15.174642121403044,-7.7302800746821125,-32.100329420244506
2000-11-03,-10.382392678868742,15.132411696845134,-7.2174104852646765,-31.479591919351382
2000-11-04,-11.345148876601314,16.8585879869973,-5.895616874699094,-33.675317501982825
2000-11-05,-12.106834956594993,16.562760600640946,-5.71961607048606,-34.49089569621684
2000-11-06,-11.000612894586332,16.758153814334015,-5.364459832660082,-34.42148336976662
2000-11-07,-10.685286778142855,17.512130869833488,-5.843213207685713,-34.72386094602336
2000-11-08,-9.587692768313335,18.000288712824823,-5.100342990738703,-33.954758095392116
2000-11-09,-10.908926769875963,18.688466839849987,-5.40136095032963,-33.46206792649687
2000-11-10,-11.25386958508205,17.721807057358088,-5.334946872728455,-34.19793693721614
2000-11-11,-10.041309631585493,18.167388072102966,-4.210547912235011,-32.83083365647124
2000-11-12,-10.277002055745657,18.854022801509718,-4.206615209459035,-32.533851133690945
2000-11-13,-9.554151950654838,18.93735489000127,-4.575620509471254,-33.048507040257256
2000-11-14,-10.0107403290371,17.89390557176364,-3.940351862021383,-33.58307307030442
2000-11-15,-12.38980895784973,18.980138616601778,-4.0925216152682955,-33.36319531914919
2000-11-16,-12.35771775731635,17.53072899442588,-3.9040590159119306,-33.042157011868454
2000-11-17,-14.574528052767018,15.139979177895764,-4.498874333997479,-33.32414976320645
2000-11-18,-13.914589107830153,15.520012521573275,-4.481503743126851,-31.754939228822344
2000-11-19,-13.494122798457232,15.078729723140745,-3.374130639865921,-32.39010525064998
2000-11-20,-12.813878435442364,14.025715646221489,-3.349595944497437,-32.12919472698489
2000-11-21,-12.783479702870116,14.634040147941345,-3.670930707398839,-32.15763228842432
2000-11-22,-11.559187922019365,15.922528017316665,-3.8275146561198996,-31.881054995255166
2000-11-23,-11.975514926938834,17.06156488277046,-5.084528812806878,-31.705696133441975
2000-11-24,-9.720519060950265,18.30537486242372,-5.599344636244442,-30.535193944919055
2000-11-25,-9.29148913148804,17.83642649423859,-4.460975030666078,-29.247014152053342
2000-11-26,-9.726043892050129,17.504168887834464,-3.818570876979236,-29.645232936118873
2000-11-27,-9.476594287455876,18.576096543090003,-4.7662671681503035,-31.149050034431255
2000-11-28,-8.802272435100365,17.799847212981945,-4.401962870534978,-29.64578687999052
2000-11-29,-6.467261750902168,17.358252630458384,-3.2372102776062364,-28.653800126844132
2000-11-30,-6.32987748554867,16.984842894612104,-3.1794407368667543,-27.057681558993888
2000-12-01,-6.331040509623686,19.28076528944065,-2.3124128084316613,-26.96467992202744
2000-12-02,-7.872655059661916,19.738069952807248,-1.5218044793905632,-25.921058905473792
2000-12-03,-7.4994469115304,18.82177079003265,-0.8398633253586307,-26.432023401747184
2000-12-04,-8.312542125426472,19.715137000415602,0.013508722890162472,-26.835493013526296
2000-12-05,-8.465080623113042,20.52641398817594,-0.9895040046154215,-25.70124675361687
2000-12-06,-5.954637202176086,21.228216143240694,-1.5012321906656574,-26.324330533396743
2000-12-07,-4.509236366582494,21.171956344681817,-2.7027285825967002,-27.31422128014205
2000-12-08,-4.0987981282459724,22.622637736378326,-2.9877109977287195,-26.297735477383835
2000-12-09,-2.8968894391118347,21.8433285362788,-4.0791470515454336,-28.189051395765382
2000-12-10,-2.865399101989127,22.3936297741884,-4.937223377875195,-27.315105043360326
2000-12-11,-0.8658005224259395,24.49318359340129,-6.211465223533502,-24.964811589436817
2000-12-12,-0.5967028437123723,24.214078511355776,-5.506778292804194,-23.820658866853883
2000-12-13,-1.2271412748222448,22.635550534235826,-6.234427590408143,-23.26865205169502
2000-12-14,-1.1151860823426123,22.74802034513984,-5.303685230665559,-24.249715152239105
2000-12-15,-0.3017403759964218,23.18384871333357,-5.051699863221131,-23.904486377642822
2000-12-16,0.35092695810290664,21.8439990285693,-5.968828273335903,-24.528741153483598
2000-12-17,2.1703360077664753,21.95794545186151,-5.52698797772674,-23.978454334446383
2000-12-18,0.8634142724163234,22.24752445462803,-5.032073428493289,-26.745437395191548
2000-12-19,-0.3521798811950714,23.134788256929408,-3.8480005494938228,-26.382909786390123
2000-12-20,-1.5051378789716812,23.57579862019993,-1.33826796689748,-25.98810834810786
2000-12-21,-0.8306755806485312,23.196272923645903,-1.9702191499510553,-25.358283125067857
2000-12-22,-1.6212888711116797,23.862438056164972,-3.0023579593580827,-24.3911214877188
2000-12-23,-1.3968941990586623,25.174462076081358,-2.608404987151754,-24.66407560564837
2000-12-24,-2.963445027653754,23.272544162631988,-3.427401112214101,-26.1718190348408
2000-12-25,-0.8368463385916525,23.342359584710795,-3.9123117556609746,-25.712070237784474
2000-12-26,-0.0341565969827311,24.9453698560085,-5.7216856336699164,-25.696848899312318
2000-12-27,0.1645611332348304,24.0120227880449,-7.038001932733714,-23.624722371572492
2000-12-28,-0.7321980421473684,25.79222891323543,-7.091759051182216,-24.561589474029606
2000-12-29,0.3428079791470944,26.136752595492744,-7.432124387500912,-25.189806752483086
2000-12-30,-0.5294750135887231,25.262513399393846,-8.131617038645413,-24.486962033284726
2000-12-31,0.23819284618640713,25.88129151479857,-8.122335398185848,-24.03434560161183
2001-01-01,-0.5679946593277331,27.061632718130554,-8.621177214653374,-22.752008702895154
2001-01-02,-1.7396860099352685,26.04130933640465,-7.177924916328619,-24.565978106339333
2001-01-03,-1.9891181103180728,26.293944891078596,-6.602201396217106,-25.588750103227497
2001-01-04,-3.610746031636915,26.20049686128289,-6.312017816060084,-25.134409954018352
2001-01-05,-4.835043128667275,26.086497466082786,-5.097514536738799,-22.51581872593286
2001-01-06,-6.257310108183867,25.239643530842446,-6.117426285721528,-22.438258878864847
2001-01-07,-7.051198157193046,26.294531301628854,-5.5820981516992765,-21.636615825777554
2001-01-08,-5.91174196317588,25.808338343650924,-5.7555792306425975,-21.473155172094962
2001-01-09,-5.060507450461225,25.078547835412234,-6.423400046573432,-21.884036874613763
2001-01-10,-5.713248481488577,25.755704305114136,-6.190833672228948,-22.252116527975083
2001-01-11,-4.979135561682109,25.129636542278504,-7.847674940544735,-20.67000760844265
2001-01-12,-4.807317289394798,24.677120067768683,-7.554370623681771,-21.060745475760246
2001-01-13,-3.977458779360622,25.224570666014756,-8.195223190060041,-19.7444857035821
2001-01-14,-3.9813581974275762,25.767601265870532,-7.430719116577601,-20.954860400990277
2001-01-15,-4.647911423571114,27.64750366723699,-10.015634336585958,-21.594210962817435
2001-01-16,-5.234265165008908,26.459809723593903,-8.685474062813343,-21.800825716904942
2001-01-17,-5.320197828966451,28.49705029843168,-9.492804135900856,-21.51030729202412
2001-01-18,-4.975147716380878,27.663865522694685,-10.499538806174229,-22.343740124593726
2001-01-19,-6.638326089253391,26.32353848032364,-9.034224344874177,-21.903211388914464
2001-01-20,-7.392447790660196,26.025678431071558,-9.008557568954506,-21.792343490855608
2001-01-21,-6.643578700749222,26.34943827842808,-10.25202047702534,-22.913773693794063
2001-01-22,-5.637292882971266,27.562997850514783,-11.020834639553422,-21.791138379392343
2001-01-23,-5.218676476801516,28.81874487238334,-9.98171537214834,-22.267284982973557
2001-01-24,-4.931583263012413,28.915056678983493,-10.379196742548276,-22.362586728863633
2001-01-25,-3.9013454474491436,29.190994381194532,-10.00820138885941,-22.398312812990287
2001-01-26,-3.0829759948730655,28.312372256179337,-9.636259155610539,-23.294640008344306
2001-01-27,-3.232678695414323,29.852705679616335,-9.770084455873693,-22.396234570154448
2001-01-28,-2.644992925121161,28.939053321805737,-9.697632170847738,-23.082514534887626
2001-01-29,-3.7740483385753993,28.389154826456817,-9.62341364812111,-21.420094881647785
2001-01-30,-3.8024458489421367,28.930094165746755,-10.084940367662751,-21.43853682489267
2001-01-31,-3.368245688989402,28.921444824513117,-9.826472336674808,-23.49442030635585
2001-02-01,-4.6374452436233495,28.00503894497769,-11.772916391256631,-23.33402986640582
2001-02-02,-6.21274360122259,26.934619970946954,-12.123000047858465,-22.49707997195502
2001-02-03,-6.722499895396513,26.46406070395564,-11.851667161270552,-22.487323552723733
2001-02-04,-7.581279077426766,25.34708547370256,-11.525754548583913,-20.49235925115847
2001-02-05,-5.306557820553902,24.482004437415227,-11.20261200136757,-18.692101478594157
2001-02-06,-5.783322835738357,25.153840392147934,-10.387654741744141,-18.703250485921178
2001-02-07,-5.164004281938731,27.228405899363633,-8.38999258980436,-17.399135773494994
2001-02-08,-6.673413983140529,27.134654627620257,-8.182708451683022,-16.331666133523076
2001-02-09,-6.601864394357522,27.556799897268217,-8.881281508398922,-18.013537321937275
2001-02-10,-7.539982356091027,27.13475938734505,-9.63406557896398,-17.468796046973065
2001-02-11,-7.134192572958043,26.696927633749635,-7.664651167595306,-17.694533945504933
2001-02-12,-7.66123410599112,27.44801499658143,-8.581343730662594,-16.525847491146507
2001-02-13,-5.3387361145246395,29.353634199669887,-6.311481596435963,-16.03657476154067
2001-02-14,-4.123120031384971,29.274457244443504,-4.933620224475474,-15.038097837737306
2001-02-15,-6.14581919929611,27.57888908556785,-4.649807620590793,-16.725104317494555
2001-02-16,-6.855382784056845,28.045277119130464,-4.53269212708539,-16.037740108078694
2001-02-17,-6.902233700834376,29.116573809296103,-4.634697480799246,-15.41189635013084
2001-02-18,-6.816397779678886,29.10118905700057,-3.7697885213047644,-16.233966609722934
2001-02-19,-6.2643033772159535,29.11133572663174,-3.676304525625449,-14.04757539344234
2001-02-20,-6.3069842988406215,30.629732749862093,-3.0061411563811644,-14.914189216144386
2001-02-21,-7.097189138749412,29.222209231847923,-2.715036643847644,-15.58341586399041
2001-02-22,-6.416577613472127,29.34018849633681,-3.0469697914234812,-15.412446064309218
2001-02-23,-7.017100855269496,30.684528214043592,-3.7854200448007895,-14.978347186076395
2001-02-24,-5.827024902255383,30.735639937462693,-4.656336279364464,-15.585555994920146
2001-02-25,-7.900629607173124,29.791398153212008,-5.4025048079475715,-14.152264534093852
2001-02-26,-7.094770415121011,30.38385559958114,-4.713223805137203,-15.56981506507509
2001-02-27,-6.119137239991254,29.946385044015372,-4.632300141236824,-14.754320715164516
2001-02-28,-6.8063186079604066,28.465618688446703,-3.8556931804605266,-17.307330680593246
2001-03-01,-7.705801704925676,28.163636418867135,-3.9456780930933664,-15.713065477866701
2001-03-02,-7.422513956177833,27.691854954858027,-4.080245993654527,-17.82778877549863
2001-03-03,-9.183472498537466,27.943105913809166,-2.3139099286114577,-18.368335304106136
2001-03-04,-8.351842372273358,26.835581674462993,-2.2672239059556323,-17.34133474290297
2001-03-05,-7.3722527124075725,26.138267254778814,-1.789981411437006,-18.521652306149978
2001-03-06,-7.518312657393961,25.8402048159763,-2.0366579800567743,-20.275262180382395
2001-03-07,-7.145168403054532,25.002797175137864,-1.7115605185285083,-21.0002157400919
2001-03-08,-6.4097778697467085,24.634346668414082,-2.386073536494717,-21.47930424278337
2001-03-09,-6.700574191507865,24.157578278497237,-1.7717213896412924,-21.015451074944956
2001-03-10,-7.5145794191346,24.648759357430343,-1.1097878368144927,-19.58846996394047
2001-03-11,-9.262394290439822,24.24210971090019,-2.1679443620526726,-19.31360307576555
2001-03-12,-8.64885867514759,26.237517564272128,-2.1607633745614043,-19.755415397736538
2001-03-13,-6.9108299154246104,26.78390203167782,-2.064794163210241,-19.16271871461326
2001-03-14,-8.669456428530289,27.729296720718313,-2.291465493024124,-18.66162854052237
2001-03-15,-7.24313592578731,25.13818174126891,-1.680744722708624,-19.465598769855646
2001-03-16,-7.863552349963226,23.714069027853554,-1.2838627529587603,-19.17666978058929
2001-03-17,-8.165831658127367,24.696374430949522,-3.212768858651403,-20.20706354797948
2001-03-18,-7.565743237350475,25.554537594115228,-2.7813194574851634,-19.007997282266075
2001-03-19,-6.986358937085666,26.0168797270554,-1.3369508011739466,-19.802795707973733
2001-03-20,-7.835177581317003,27.210210319241785,-1.36719969346243,-17.948204305270828
2001-03-21,-8.541020420613696,26.32305170523088,-1.3413478174528324,-17.983949221014655
2001-03-22,-10.057338737572232,26.996471391284633,-2.1892713711233176,-18.590026451028546
2001-03-23,-10.731402043065035,27.223553786643347,-2.3167765668534033,-18.296729297203296
2001-03-24,-10.615152173004669,28.450926555811975,-1.2031524477461766,-18.132134222006204
2001-03-25,-9.962337752739517,27.75298043354041,-1.763513450324647,-18.910696057218633
2001-03-26,-9.531689075050185,27.812366490616082,-1.720102534127302,-19.84021953410632
2001-03-27,-8.79117593922319,28.318223826654645,-1.0065639931074584,-19.184710673732635
2001-03-28,-9.107468577951261,28.4497051043931,-0.9974285149676486,-19.628127761652497
2001-03-29,-7.472154982633901,28.213084579192675,-0.155695544477637,-19.76312488578889
2001-03-30,-10.054311546042785,30.722797096401266,0.799496065043317,-20.42058414863923
2001-03-31,-9.648769786305246,31.824664167691736,-0.3114962812263288,-19.840134841300916
2001-04-01,-10.56700055399832,32.03579182738807,-0.33689612187284396,-19.840749673600392
2001-04-02,-11.23179431105324,32.76737733576839,-1.4199920371614132,-20.338605651189592
2001-04-03,-11.30345208396014,32.686993010346995,-0.24774774729557736,-20.511867876769784
2001-04-04,-9.980462824457693,32.49323010547817,-0.8714283807664885,-21.5058394314097
2001-04-05,-11.341356899367414,32.4505202732292,-0.08853572203423998,-20.639802391026617
2001-04-06,-11.59458755759728,31.884172354338222,0.5968617361155617,-19.44691105224809
2001-04-07,-9.962909745068131,31.444109079135313,-0.017809144022016277,-21.146220282169605
2001-04-08,-9.30181764642256,30.628929418841818,2.294953449723918,-20.746463385898238
2001-04-09,-8.757074460331024,31.693146281816734,2.7681370456793166,-20.799902221911392
2001-04-10,-9.894558543544825,33.44440803920805,3.2919012675160024,-19.56266042759424
2001-04-11,-9.55362411108332,32.82877939679098,4.078859081785513,-19.37533956234555
2001-04-12,-9.978113254524231,33.38453902123409,3.6636049804667206,-20.157639310811753
2001-04-13,-9.287637001153394,33.266398487460286,4.05257787121632,-20.231502733358255
2001-04-14,-9.08042906039103,36.17761768527794,4.634032146266335,-20.60292107236032
2001-04-15,-8.970867042185127,36.801982953905686,3.8466321529480014,-21.472979658017817
2001-04-16,-9.816098951686026,37.91375893595748,3.609133553728705,-20.737064582435195
2001-04-17,-9.384481825943316,38.87250861397784,3.255206001871848,-20.829527810921714
2001-04-18,-8.162295042430184,38.80942040730689,2.305707702532685,-20.75985143910343
2001-04-19,-8.429749306640598,37.769748352615004,3.1396142066844304,-21.976517937230287
2001-04-20,-7.435337803825499,38.31968684167246,3.020591533953267,-21.654852975674526
2001-04-21,-5.528729689940024,39.22971660049607,2.707638885502588,-22.86973918804175
2001-04-22,-6.806098111640539,40.64146660639508,2.6910525489808186,-22.23072943319632
2001-04-23,-5.838182942763405,40.89743955230439,4.0941128441000325,-23.233991405429297
2001-04-24,-6.729815499977151,40.71682917906576,5.309508132700402,-22.701754566752776
2001-04-25,-8.45551345113208,40.35011272094458,4.160705347448912,-21.58796246535552
2001-04-26,-8.988757814471244,40.33342489148304,3.8099472775935466,-20.7725738420241
2001-04-27,-7.979114784768482,40.96105542026779,3.739099566483213,-19.83111434465713
2001-04-28,-7.714294252110305,41.36700352135869,4.317383142211602,-20.4745844292012
2001-04-29,-9.629160448673368,41.08726503709828,4.004937279088238,-20.180863007799072
2001-04-30,-10.555588191665668,40.49730504371744,2.4759193087016707,-18.118133963175584
2001-05-01,-10.780692481787872,42.09586913802578,1.5779756194859798,-19.39964021028506
2001-05-02,-9.203765073191063,42.69391422351256,1.746455532901208,-18.352027491038164
2001-05-03,-9.078871011667708,43.836777434597295,1.167461361772133,-18.865844938784026
2001-05-04,-11.004529461035444,42.59409883300199,1.1650025863942661,-19.424702694999286
2001-05-05,-11.013384357586661,42.971659460555934,1.2613985352845989,-19.986291302817307
2001-05-06,-10.698525621664801,43.573265860782655,2.341593533584042,-21.283015102106248
2001-05-07,-11.108085327040383,43.91225415276569,2.040388952504141,-21.84476750786171
2001-05-08,-11.739420967627574,42.36814112792265,3.785488514350326,-24.381227845312118
2001-05-09,-12.24607734810639,41.99780366658143,4.828563267671224,-23.56108501860151
2001-05-10,-12.752936298635706,42.27397339596768,6.930638889325795,-23.387221477384212
2001-05-11,-12.39867128445465,41.00326957509675,7.797114760165291,-23.23167225196853
2001-05-12,-12.734015848914611,40.59019138140885,7.908439965024345,-23.172691817533714
2001-05-13,-12.58482478633388,40.40539085037453,9.62066799722644,-22.20884557817546
2001-05-14,-11.21867040358173,42.21961773179154,7.663915839610704,-20.900627016910036
2001-05-15,-10.58930045801031,43.36444757409506,7.937225764231028,-21.743933483738633
2001-05-16,-9.953409082030337,43.301696669034534,6.3353556988616,-21.34803979855491
2001-05-17,-9.493090058468454,42.68514182422942,5.82141485611558,-21.80994296741091
2001-05-18,-7.953373607227357,43.44893975423773,3.880784779853763,-22.372659632837976
2001-05-19,-7.789739113004608,45.63681924941618,5.4499242951484215,-24.610414052710524
2001-05-20,-6.805776408991593,44.83775923545906,4.660159111613218,-22.981442530498768
2001-05-21,-6.6351366324008625,43.565110966032286,3.948128107255748,-23.72240520611228
2001-05-22,-7.950151408246023,43.44071786764599,2.668162367599945,-21.613003316260556
2001-05-23,-9.764495471256167,43.251501137379584,2.010189145509343,-23.222669987155268
2001-05-24,-10.89089472760256,44.44708712105271,1.4746010320607372,-23.943476650952483
2001-05-25,-9.636303229197257,45.30360755610746,2.3620075941641923,-25.326658799528033
2001-05-26,-9.666221750899961,45.409113202238515,1.8019426811173846,-25.7350939750161
2001-05-27,-10.537543350412559,45.98404698531838,2.003611124227384,-24.327828499407882
2001-05-28,-10.387907500498537,45.295068465158344,1.9944475509799016,-25.779604554270808
2001-05-29,-10.1813295924088,47.06190286003303,1.2909784060003742,-26.09939549783189
2001-05-30,-11.094067964773876,48.009702577218505,1.555283779448907,-27.691802902656555
2001-05-31,-10.964076407797837,46.06071257394764,2.2018662583733883,-28.19816334872217
2001-06-01,-11.023226862217902,46.282608000052846,3.6172777091601906,-28.841420535133484
2001-06-02,-10.536215390776633,44.77104465471872,3.4570920787993376,-28.87487518811274
2001-06-03,-9.713344404825069,45.71511479835847,3.290940032348291,-29.137118727511844
2001-06-04,-10.194069316661997,45.417759671149646,2.646405793278239,-27.705280382688102
2001-06-05,-10.718538167680206,45.17652664943277,0.4471628205720859,-26.790437992525277
2001-06-06,-10.292777661933041,45.20860544062965,1.325734308666083,-26.484426609456328
2001-06-07,-9.950553471549068,45.46388791058072,3.0462032860044577,-27.611657528333645
2001-06-08,-10.145637250206196,43.890480573526716,2.9628670260118644,-26.565063627240335
2001-06-09,-9.57098211299091,43.58583802356505,2.690153939322477,-27.25315964686141
2001-06-10,-8.229007387152157,43.40915863522603,2.8091358803645976,-24.63217476934825
2001-06-11,-7.618726313344957,41.42384331397292,5.0680445013608235,-24.80553156151333
2001-06-12,-7.9493892881616555,38.860451667454896,3.8554617104668334,-24.11637200081841
2001-06-13,-6.735570486743365,39.35265621665212,5.028159978748679,-23.61743688732545
2001-06-14,-6.295159289941773,39.35724204247638,4.915851231660905,-22.024687215259675
2001-06-15,-6.411419215468898,38.66891147324551,4.249442730709188,-23.789227835169697
2001-06-16,-5.569253158093569,40.43977880872457,4.347055715847464,-22.605277755488096
2001-06-17,-3.8377266478720786,40.87783249983651,2.660532990172177,-20.97517613481732
2001-06-18,-3.6251061390633548,41.818138090220934,1.8464525453721494,-21.153560260043125
2001-06-19,-3.6727646879026534,41.946445914123665,0.8552820532357728,-20.288787747560356
2001-06-20,-4.347970612156366,42.641228891337676,1.4656668357373426,-21.268423862422658
2001-06-21,-4.085562054433682,41.42887344079555,1.3558396650976396,-21.205489106040037
2001-06-22,-2.012261733324963,40.01413761453178,1.21856969837598,-18.926991466646225
2001-06-23,-2.4043623190173493,40.68761951486885,1.001190213217554,-20.06391062826815
2001-06-24,-2.7612598284192806,40.07505556814199,0.4477733316367788,-19.071854030595492
2001-06-25,-1.8136543794378905,41.280369504519285,0.6906829507397192,-20.613022341188685
2001-06-26,-2.118800757484095,41.081762259370706,-0.010691668503722718,-21.232541336245966
2001-06-27,0.10947364009259886,40.52641250802484,-0.5208608332422352,-20.469144574922982
2001-06-28,0.9945728157499611,40.954608366435096,1.570509674087869,-21.541723702875355
2001-06-29,-0.6716888122746103,39.261586278870595,0.7590342887806233,-21.100480908316527
2001-06-30,-0.9122499969906308,37.959587180459074,0.10460011928212698,-22.876207333652175
2001-07-01,0.8993143353918891,38.12592611651056,0.5298548391598759,-22.179288635857255
2001-07-02,0.3395585734380967,37.0831075508952,0.89302552305639,-21.955304762529245
2001-07-03,-0.011599579774889013,37.79004774988144,0.7588657594008203,-21.117283178792803
2001-07-04,1.8655140941739243,35.5843164342461,0.3687501524406897,-21.620393479020443
2001-07-05,2.963115172815881,35.811150363494555,1.3821643533590653,-20.92785629240726
2001-07-06,2.562999315964796,33.53925914696341,1.0386833633217725,-19.6252731173117
2001-07-07,4.49522288388134,33.21501488778285,2.0959225713812732,-19.336955115949984
2001-07-08,3.2070134192318878,33.98074521058008,1.8466371682264455,-20.071038915204394
2001-07-09,3.0011321978522525,34.49354605110319,0.968069411056295,-18.168271378441805
2001-07-10,3.1673682272559622,36.09199273930522,2.7808671284354762,-17.721127321124975
2001-07-11,2.2581263855428246,36.78590671831202,2.348901728665658,-16.944084644105633
2001-07-12,2.904842015735918,35.70469272660195,4.025004973712217,-16.949908394820103
2001-07-13,3.6478924493265112,35.71529451024167,3.1168212963976734,-16.604225527817743
2001-07-14,2.923483454780738,35.3735185349606,3.5074289135919923,-16.916080813855466
2001-07-15,2.200000345559117,35.798521624355246,3.8675242315696443,-17.900462930393928
2001-07-16,2.735801630193848,34.30551994722172,2.723343241326008,-18.4263687137984
2001-07-17,2.561037947454376,34.30443181646997,3.713483981690328,-18.204375795790178
2001-07-18,2.697832578883911,33.4929661365348,4.930608308552837,-17.24391964030551
2001-07-19,4.570160652603857,34.99979401356223,3.384257870663778,-16.95860516986978
2001-07-20,2.702752925600234,34.631488605130905,3.04928251489567,-15.416968697278408
2001-07-21,2.7762894827190063,35.485047837657376,2.183423501529825,-13.793542454535952
2001-07-22,2.897487164820532,36.15387271725747,1.365464433743903,-13.577359193944355
2001-07-23,2.5498789809769917,35.83751739126596,1.9427551170708375,-12.781368190704342
2001-07-24,2.7584630409849025,35.434837812820085,2.6707422099426554,-12.464596384225235
2001-07-25,3.8941140397097658,34.28056984274965,2.4401014376238215,-11.728216984353855
2001-07-26,3.3810483308873893,35.67069308793138,3.223437396328213,-14.361805882787538
2001-07-27,2.5403741840490257,34.79427435358256,3.6546487459859276,-14.584717312953352
2001-07-28,3.7669733004149455,34.18739058541481,2.3316765603188974,-14.083033438945735
2001-07-29,2.438550426370619,34.639313162083106,1.727650894227235,-14.301453634279106
2001-07-30,2.1252957246383657,34.386400567788044,1.312750759086743,-14.329379628319302
2001-07-31,1.475157565446196,34.00209956371202,-0.5396478954482835,-13.184974117307744
2001-08-01,2.5302269670157678,32.57969083964591,-0.06390890790017134,-12.95215319654903
2001-08-02,1.5883826351194505,31.58126194747499,0.1960445232991429,-12.834045297928958
2001-08-03,2.9874942074898607,32.29192933176551,0.8574516132519631,-13.93031588822973
2001-08-04,2.423248182523867,32.13924307685623,0.8357783535195363,-13.63110083779188
2001-08-05,2.9548967922137246,31.211710577003675,0.1477337397162688,-12.737732935412044
2001-08-06,2.4286875672436206,29.368203973570488,-0.5556427814440492,-12.930104586573538
2001-08-07,2.0033408263935355,29.50055433423365,0.513439614208469,-11.799564568048433
2001-08-08,2.055741755312448,28.904373257418467,-1.4893869643567266,-10.497749397872871
2001-08-09,3.7288078239913354,29.238616040618272,-3.6325360795337835,-8.513118409677558
2001-08-10,3.555073623022338,27.516877683488175,-3.0674980444969866,-9.677043344371187
2001-08-11,2.8510579837171086,27.98509317179373,-4.2654886321908645,-8.505017628744394
2001-08-12,2.502966042779314,30.13292780727664,-5.485021172876043,-8.678590943292779
2001-08-13,2.1528373558869314,30.85605822335538,-6.129380584452211,-9.920214673854815
2001-08-14,2.1514215304732325,32.483703892274804,-4.575205291736243,-11.132196172647653
2001-08-15,1.049939043280669,32.6577556030866,-3.7663940454843354,-10.940481967228205
2001-08-16,1.575048889343952,32.26574430241254,-2.4436228043925894,-12.579622061951884
2001-08-17,2.1011026757401003,32.15049239842336,-4.729925546546373,-11.565327123557699
2001-08-18,1.4355220596460745,30.895937508300584,-5.431801533394014,-11.146434230687154
2001-08-19,2.7359577820937666,30.28296182347545,-6.606977957270502,-11.86994399525457
2001-08-20,2.3293354532586132,30.217376108493454,-5.719539611027259,-13.200284076603921
2001-08-21,2.916713500270992,32.90753032015563,-5.525790620134293,-11.566001376335365
2001-08-22,2.3505638703742346,31.726966429283536,-4.873585096453007,-11.611281513432765
2001-08-23,1.3168427457115488,32.704516622505324,-4.282676329643887,-11.96066999149459
2001-08-24,1.2648049342528336,33.64930319657797,-6.702486793062055,-10.253413379278975
2001-08-25,1.9636610293580339,33.352394848097234,-7.707588492587382,-10.053074267745352
2001-08-26,1.854599816025401,32.90241191334142,-8.330108451077928,-9.999134108909406
2001-08-27,1.2638140086526635,32.02949125525559,-7.5946582849221205,-10.959831660500718
2001-08-28,0.29635942965805495,33.12658188315183,-6.782019828360228,-11.622497383371162
2001-08-29,-0.723939928402558,32.168145994505586,-7.208057711180153,-10.345191854043811
2001-08-30,-1.3894778170345576,33.416298289710525,-7.905042800710644,-8.685355592551165
2001-08-31,-2.357533197401386,31.719105364622656,-8.025831565862433,-7.963562211495241
2001-09-01,-0.4443469877906836,29.289070465115564,-6.6400879223426905,-8.04613858786039
2001-09-02,0.2699132925996395,28.37187266801636,-6.880919594669765,-8.81804190365718
2001-09-03,0.08075268650319867,28.2874432698754,-6.442884766506755,-7.585144056879581
2001-09-04,-0.5406987667868554,27.6888419443992,-6.9583378853135756,-7.186629594033416
2001-09-05,-2.1695737761830403,28.841400921631607,-8.945294970744254,-6.295338552491066
2001-09-06,-1.676239493796303,28.397461752460742,-7.517652974035591,-5.32231542587906
2001-09-07,-1.3124657749873976,27.045540857690998,-5.629649200215892,-3.4613876066396605
2001-09-08,-0.6808701895404388,27.211915393341098,-7.280312459427348,-2.8030785612630513
2001-09-09,0.2399763037731607,28.17767382324642,-6.761146394166778,-3.606047754274994
2001-09-10,0.38130722089111097,27.892849833969997,-6.672621944294857,-2.4850166170645918
2001-09-11,1.1306493864608584,29.039685434910467,-6.265395591068628,-3.19941588432561
2001-09-12,0.23914328409316,28.72289713579507,-7.085340419281467,-3.0007589676327986
2001-09-13,0.641958509028788,27.69599858281755,-6.699124898641681,-2.619585598408213
2001-09-14,0.9231360470615775,26.723763146844373,-8.802690898090507,-3.726009971430015
2001-09-15,0.8617750509712615,26.90749238125386,-6.817213529184806,-3.622527406479802
2001-09-16,0.6180141074471419,24.251615106917033,-5.7647986917316025,-4.010314591637149
2001-09-17,2.80450612200401,25.314058530901452,-5.386568081479293,-4.202561394305229
2001-09-18,1.68372587715605,27.55105072885428,-4.071835814992395,-3.5181584011847105
2001-09-19,2.7384648336106787,27.023822006148315,-3.926367951932315,-5.7769032610448345
2001-09-20,2.685427930196938,26.420844913736747,-3.317502384266552,-6.6378395377345285
2001-09-21,2.417945204151931,26.926224613729026,-2.1497382955113515,-5.848100516768809
2001-09-22,3.226646624406085,25.169406488298876,-1.727595615305862,-4.479801066189923
2001-09-23,3.2726647132925355,24.359072073306933,-2.600403832827898,-6.314203266239206
2001-09-24,3.9512584296120097,25.13520109704222,-3.490226657090159,-5.5251209173853555
2001-09-25,4.543094482260311,25.007142170516797,-2.7765965966052883,-4.2709000374213035
2001-09-26,4.4934338744607905,25.156305444208797,-2.2129499063935008,-4.020036449737138
2001-09-27,6.836162459541419,25.908477282423476,-0.7988536134278044,-2.7512277367655376
2001-09-28,5.440217071312311,26.032775907885615,-0.07790239274034239,-2.222541773093825
2001-09-29,6.60745662563207,25.93851515727421,-0.4823556798382594,-3.461814868194912
2001-09-30,8.498107296576146,25.202376051162815,-0.2479496621680467,-3.049917493718902
2001-10-01,6.036923802826255,24.836699476305853,-0.1289119012110702,-3.153081524753908
2001-10-02,5.337440061038644,24.282038729102737,0.6750764793852131,-3.246434178653331
2001-10-03,4.24237840829344,24.250317553534902,1.6517363897658375,-4.509059577114492
2001-10-04,3.9590990516974314,22.79039432755562,2.039184352284184,-5.657692297791409
2001-10-05,5.393609890569482,20.299286223432205,3.506608038488487,-4.22294905308539
2001-10-06,5.327109447476193,19.94907887263971,2.2172998788585834,-4.249101467300284
2001-10-07,4.213539156108119,19.740825877714197,1.7045959766415164,-4.361625156056257
2001-10-08,4.5993716628575845,19.71321853251028,0.29379571071137756,-3.5222632591103107
2001-10-09,5.4269282827752185,21.538619080756707,-0.20930870167295468,-3.9205586263805086
2001-10-10,3.449055402070168,21.921093807938345,-0.4373109646216233,-4.075154786985511
2001-10-11,5.088481610220226,21.094625762445936,0.008623129956097098,-5.076995285386856
2001-10-12,3.331275426252418,19.226721770957457,0.332517474958983,-5.235635483950889
2001-10-13,4.221160966517194,17.522323613493448,-0.3403233792493091,-4.95960789781907
2001-10-14,2.7145174879372864,17.468721291389265,-0.169379318053657,-3.6043691457499945
2001-10-15,2.044000552933957,18.020671403831212,0.2398402968112747,-3.896890512194505
2001-10-16,2.4597086613784582,17.689344237077627,-1.4898082410039777,-4.971101902346144
2001-10-17,2.517285130316622,18.328518331491843,-0.36841555733269504,-5.710486034886008
2001-10-18,2.762764829676384,19.09051507358245,-0.374535062356057,-8.136321297388696
2001-10-19,2.428949272732204,16.936863255200933,-1.1323601536211596,-8.337043678759546
2001-10-20,2.4301527755560417,18.34533741103501,-3.400849025374195,-8.385160841825313
2001-10-21,2.1494733986718684,18.16699327750581,-3.621708593105919,-10.776444881056634
2001-10-22,2.760539517733342,16.646829193468257,-1.712950356059289,-11.193714083810388
2001-10-23,1.0463401360612936,16.437894892329883,-1.7414516225243326,-11.80813191588774
2001-10-24,2.0905838200100737,16.764836168256494,-1.8396175667657144,-11.694932768432825
2001-10-25,2.0714358219894318,18.16236614995895,-0.6357129780274233,-11.054988082936566
2001-10-26,2.259094982313847,16.162678193855005,-0.5207906885088706,-11.90986005522157
2001-10-27,1.2119914331460613,16.201940671850476,-0.5708617515615303,-10.93150485405237
2001-10-28,1.3138839173828352,15.575947958072609,0.18696503095621253,-12.280119384279814
2001-10-29,-0.3005908527930419,15.585475410559019,-0.2465162099815612,-10.86849042222916
2001-10-30,0.8957790938953483,16.4070434851078,0.29050364045265875,-11.447557416422821
2001-10-31,1.7370011148481468,14.06914903846178,-0.3191879496945603,-10.881580046188496
2001-11-01,2.9241711625376094,13.064224330689834,-0.8518499910884688,-9.256767983172061
2001-11-02,3.545026427374012,14.210386609077817,-0.3644022442403819,-9.411115638810504
2001-11-03,4.827841491234915,14.543118637476498,-0.5484542324507846,-10.381116140799097
2001-11-04,3.6668679588016198,15.304823571093575,-1.1991213999590657,-11.475381192018087
2001-11-05,2.7695051878645125,17.016412588061552,-0.9116189534957881,-11.805015483289703
2001-11-06,3.309347199605171,15.432072775264647,-0.764759442516348,-13.806591610167215
2001-11-07,2.4561404732342167,15.865985864833299,-1.0141561308676166,-13.360854019161602
2001-11-08,1.4400960558525935,15.582027064941963,-0.31252083804322006,-14.432863645513523
2001-11-09,0.5179813973501177,16.206287704322786,-0.4664231102466667,-16.034304515784804
2001-11-10,-0.007069366909063457,15.506231070764274,-0.4812526548911984,-16.472743343868572
2001-11-11,-0.33862355465234933,15.766815372893943,-1.7387283440731227,-17.700465353158314
2001-11-12,-1.1683579778105415,16.142846334275607,-1.4541341427837655,-16.628006476831857
2001-11-13,-1.3292657103404066,17.169729637150297,-2.399872590610359,-16.815565318474402
2001-11-14,-2.0850011518327243,16.89616389006717,-3.251855239159853,-16.40945584936702
2001-11-15,-2.803786709844884,15.323942144784407,-4.030100968445402,-13.966083027129141
2001-11-16,-1.5753177041071946,14.374266830686075,-4.450713442192969,-14.424341542882878
2001-11-17,-2.0679911818202803,12.843378130719087,-3.6242843286786295,-16.425034285250224
2001-11-18,-2.813754334190076,14.870365295617084,-5.648816821203148,-14.8341906625907
2001-11-19,-3.6542005360014107,16.62656363126033,-6.599179818040352,-15.363923640446114
2001-11-20,-3.7813602767167973,18.99037351212678,-5.9486540897201445,-16.14647086896674
2001-11-21,-5.014210456162374,17.173354980144897,-6.8017578181372365,-15.931233103826703
2001-11-22,-6.108423481505088,16.58954602068162,-6.185264448183115,-15.380875369732944
2001-11-23,-2.9936375444343453,17.016177830986482,-5.846743337671548,-15.439769194043294
2001-11-24,-2.646658768725257,19.011030997093805,-5.548196585671653,-15.922356378917641
2001-11-25,-2.6532467131471664,17.398003137998497,-4.761282946081322,-17.25014309228153
2001-11-26,-2.8165921400712692,17.26000924945766,-4.399988467641078,-16.256515134366595
2001-11-27,-2.56299801540205,18.23157611236724,-4.529417390568226,-16.40583730913278
2001-11-28,-3.3682549378128916,17.087911343432687,-3.2582394107611776,-15.004187277986583
2001-11-29,-3.4331425774319393,15.864134064649694,-2.57968999043389,-15.116982917363018
2001-11-30,-2.4432349279250163,15.997847760111256,-0.6345518067683404,-16.17896842150473
2001-12-01,-2.529715083876557,16.409551662788637,-0.5406736852179805,-15.899839316867403
2001-12-02,-3.165134405863652,16.407408554166455,-1.5175153726187784,-15.734904112760141
2001-12-03,-2.6329849910464125,17.01804073801009,-0.5834168001081871,-15.063571603904327
2001-12-04,-2.553273610461523,17.765969138139194,-0.8623033910921634,-14.821645736950178
2001-12-05,-4.019571282163081,17.80083193712267,0.07165802367661289,-14.618667653253976
2001-12-06,-4.898838441443401,18.17406135907022,-0.7442668342426331,-14.408727753969385
2001-12-07,-5.492777795458352,17.477288121506856,0.2629989151040091,-13.727708861007692
2001-12-08,-6.801561610050702,16.916120566322917,0.28952635878049915,-14.562168041428997
2001-12-09,-6.2578119962904255,18.803274754781548,1.1564026553643973,-14.043005511673977
2001-12-10,-5.408104320976065,19.51153781386865,0.6753930995047023,-13.382214544081174
2001-12-11,-3.7425880383723085,19.688897504418765,-0.36297306830392706,-13.896522600812215
2001-12-12,-4.0236940469371145,18.1982566086996,1.5406733611839583,-15.380150382924406
2001-12-13,-3.6321404067729746,17.42493472718469,0.4585712226686778,-15.851096056299081
2001-12-14,-3.685452098496529,18.293603813232398,1.2144089238143585,-13.747888549656674
2001-12-15,-4.307296073160625,17.733610117800303,3.4304351176993073,-13.108356761481447
2001-12-16,-2.956221425667053,17.920308092123744,4.1189689705188055,-12.163973602427602
2001-12-17,-4.521084633604455,18.468637209614325,4.193304827200007,-13.430389047294145
2001-12-18,-4.609017090640039,19.655919440405185,5.064332311243955,-14.861277321313917
2001-12-19,-6.187514466314235,19.816757296529318,6.183335075826298,-13.664731604621212
2001-12-20,-8.24938585327603,18.970379492171773,5.15298422655284,-11.44779745822068
2001-12-21,-8.536873825238565,19.421973282391896,6.285163003380344,-11.089880467588848
2001-12-22,-8.46340617876868,17.6733094355251,4.698324935241658,-10.036764470869793
2001-12-23,-9.790941122601026,19.188419611483436,5.5464753002133005,-7.612942507230278
2001-12-24,-8.857285752539823,19.22404652644953,6.95142154011218,-6.958039767999635
2001-12-25,-7.607702685961259,19.91705541269258,6.258792783860539,-6.313498426490554
2001-12-26,-7.0484741596886975,18.844305481904225,6.199833417386355,-7.832496324585668
2001-12-27,-5.175086476055081,17.924001032165148,5.607655132640837,-9.677576015771475
2001-12-28,-4.796957675351714,15.453475795986506,3.9483698923716704,-9.456153457368409
2001-12-29,-3.76769689424885,16.141625736626693,4.932833466137053,-8.915532676785851
2001-12-30,-4.216774021071412,14.846488337193886,6.140648292969219,-9.199590911136202
2001-12-31,-5.39111967750028,13.567058846883953,6.9112506060741445,-9.331719516124931
2002-01-01,-6.057220281691436,12.24785107249709,6.795807647630012,-10.302149898090521
2002-01-02,-6.203830411472915,11.924295921964676,7.210211921630994,-10.898881864274577
2002-01-03,-5.4976648551888605,13.380217541052208,7.24874455825097,-11.820205377495114
2002-01-04,-5.83733849681551,13.093626538084209,7.5197918658296565,-12.763535609036335
2002-01-05,-5.780387011892836,11.474963340455389,8.485760614729005,-14.196677211476285
2002-01-06,-5.65325798438178,11.168588718001544,7.255643878508708,-13.332224065488953
2002-01-07,-5.499915227508287,10.69344894730531,6.0854644414372405,-12.176720566529161
2002-01-08,-5.689087356205494,10.290063079088535,7.371059263739299,-12.019023911209086
2002-01-09,-6.238232742530882,10.699869931639292,8.117652922646144,-12.419513067576387
2002-01-10,-6.399127215503842,10.58728997371157,9.041158283014118,-13.337732458013154
2002-01-11,-5.971535613264874,11.340848162230952,9.795471933567843,-12.461584997259322
2002-01-12,-6.591815754424068,12.165969414939237,9.938750015985269,-12.471885132088511
2002-01-13,-5.17723941841982,11.62566806260033,9.09026009937918,-12.516186210242799
2002-01-14,-5.202728972064937,10.991185546350444,9.072255561883745,-14.195025928525807
2002-01-15,-3.7511543941389327,11.281316166593252,9.3341896096334,-15.017592316673754
2002-01-16,-4.841590257187087,12.666836028290685,9.50588867485575,-15.946401792776555
2002-01-17,-4.78799417568118,12.834661382933238,10.17450638398787,-16.056941920824706
2002-01-18,-5.04192341492551,12.48184121900852,9.77117408681672,-17.201059621608724
2002-01-19,-5.572079714787394,14.099430565575906,8.934592627710579,-18.3251689804836
2002-01-20,-4.346791660092524,14.55619922447848,9.12381846883939,-17.87847009644881
2002-01-21,-6.142107414458986,15.9108085139778,9.663135399808963,-18.32514743436088
2002-01-22,-4.153663000949083,16.159515522821703,10.731716848689812,-19.626235750557342
2002-01-23,-4.4553419164712285,16.515435332210142,12.036803526380957,-20.930335070409832
2002-01-24,-3.9899530924883884,17.421291921947226,11.374288374938448,-20.880496257916086
2002-01-25,-5.493026549870031,17.25138314777106,10.707146550713398,-20.41673302843649
2002-01-26,-5.513313866615301,17.596409006244244,9.250793660642467,-20.675350591572784
2002-01-27,-4.496100303649212,17.28273920053955,9.731958793898627,-20.402704387200377
2002-01-28,-3.565667184539885,16.89956418914387,9.250410314906093,-19.27724076654597
2002-01-29,-4.454414690601576,18.21544469039978,10.55026953908017,-19.107172882809397
2002-01-30,-5.448766609218652,17.271469713535776,10.209045583703668,-20.327495268294168
2002-01-31,-6.021875434126608,17.26289014775778,12.264953439314464,-20.114337314975785
2002-02-01,-5.997058424071037,19.23737172189707,13.465377054350746,-19.69906020948906
2002-02-02,-5.261056522321514,19.23933120235177,14.07190564963502,-19.484764148286427
2002-02-03,-4.390720126505574,20.268147179751203,15.381910467929291,-19.172371615622286
2002-02-04,-2.7641784050709064,18.991497070814706,15.695841602396914,-18.36130969696208
2002-02-05,-2.0322545589564585,21.04929497259392,17.871663218669106,-18.571544882169643
2002-02-06,-3.5850504486631314,20.522476198794617,19.343342906509122,-18.854561269625776
2002-02-07,-5.193856238422741,18.91244029533023,21.203714628890886,-18.24490788456531
2002-02-08,-4.209453579311653,20.20599166203324,24.281680630082203,-16.026681835221055
2002-02-09,-5.747047519585857,20.395718510076858,25.218584560664098,-15.653059812724797
2002-02-10,-6.122742162092144,19.854776506930484,23.628665683156438,-15.702789267670283
2002-02-11,-4.973072239303469,17.743583986263655,23.64760705262334,-15.093172101643923
2002-02-12,-4.348441494934788,17.517978467417098,24.955243048646967,-14.694154610922796
2002-02-13,-5.481981592399604,16.907932799195088,24.871753354446483,-14.730165461956355
2002-02-14,-4.685098350027678,17.988337595526982,25.93291617397263,-15.36322652200412
2002-02-15,-3.239000466801653,17.68402562276635,27.118078184045608,-14.729140850199725
2002-02-16,-3.9103348737769856,18.280238741751415,27.16931497134236,-13.99813566326574
2002-02-17,-3.211929419422094,19.258369434503273,27.79275327079975,-12.70013989680922
2002-02-18,-1.7328704235994261,18.176894411386872,26.674794281547232,-11.486942147915952
2002-02-19,-1.2671757327376758,17.095041992326685,28.081181582385256,-11.47930022557621
2002-02-20,-1.1235702457975778,17.40744592078317,27.519006759197456,-13.046889470770612
2002-02-21,0.3287380446599155,15.658781665880007,27.25489639224334,-13.295753908175614
2002-02-22,2.201574000618578,14.30134929347453,28.360375453102872,-11.414618693897525
2002-02-23,3.2049471170600983,12.977576617301715,28.959505662606997,-9.651827661234762
2002-02-24,3.0454271578640446,13.83379862711526,30.116257575855467,-9.128349412665987
2002-02-25,2.793329733432203,13.267551262551972,29.317711895418498,-9.831375487133345
2002-02-26,3.7530242949709662,13.01582456091359,29.93659324800127,-8.530648846500041
2002-02-27,3.499107383640622,12.298190983013887,30.116776933696578,-8.177057356178812
2002-02-28,1.7896260080654447,13.265423099970807,29.03735451874649,-8.560066058662397
2002-03-01,1.9239750233701072,13.063086510020947,28.982402418502055,-7.124201473998381
2002-03-02,3.200495045078209,15.418955699325625,28.23177895700354,-6.423366069344443
2002-03-03,4.939882849707688,14.985019203733893,28.368291227823278,-7.0282320646104
2002-03-04,4.398418937609058,14.859332255336716,26.811196132189075,-6.949111460976229
2002-03-05,4.613546517785068,14.742546553201706,26.97624735120126,-8.549264999100808
2002-03-06,4.053399355785329,12.79883098808881,25.756970346580502,-8.501822246205434
2002-03-07,3.3968728306651905,12.411207284204208,26.021073756530402,-7.213809511352482
2002-03-08,5.092998436115067,11.38691154172238,24.297696247120204,-7.970463512097911
2002-03-09,4.4521510360608865,11.58088400455689,22.80082158968059,-7.340276268913325
2002-03-10,4.092251409840373,11.684104732587782,23.68533846254722,-7.665164719341348
2002-03-11,5.324345239909953,11.251438120252065,24.590837101286432,-6.362406040434704
2002-03-12,5.051554721717608,10.141886183605704,25.281417842378055,-5.614932496767604
2002-03-13,4.117331408191223,11.192853537015381,24.994422221751094,-6.763902680112763
2002-03-14,5.138952919088845,10.702549350691656,24.133158840486548,-9.115045203829709
2002-03-15,4.223364162686723,11.744614258706685,24.486084110914174,-7.015339877686065
2002-03-16,4.689151120282306,14.031873210269442,24.253795384181426,-6.185148847038871
2002-03-17,4.959550649190165,14.431345401880824,25.37939454561476,-5.328483960532557
2002-03-18,6.878228075468069,14.041732811962477,25.457392339397256,-4.460447936964419
2002-03-19,7.7119132649629965,13.400489656614276,26.725589632107372,-6.175048486402897
2002-03-20,8.607224530401554,14.18489443051023,27.092005636689557,-8.534891428695046
2002-03-21,8.337600063088948,13.768185217629261,26.699614074288156,-8.794575809234095
2002-03-22,9.809278238193313,14.571989128257778,26.061998323231634,-8.43067815816067
2002-03-23,10.589057823213507,15.539760742115183,25.540045637678677,-9.772513078290626
2002-03-24,8.516564674731587,15.225184812291245,25.215547501358895,-10.97233933967442
2002-03-25,9.380160122059001,14.869905089435703,25.61238089150418,-10.290295154915617
2002-03-26,9.2867689384982,14.157679388903764,24.325897896714274,-10.369694153635296
2002-03-27,7.419432632295663,14.604459365589337,25.397288593972576,-10.274197832568072
2002-03-28,7.798095436701535,13.655265687419407,28.1253440107854,-9.819384357514522
2002-03-29,7.03760512986738,14.087727347567316,28.810900907724747,-9.085003462932669
2002-03-30,6.666786163182331,14.122768758391041,30.907919329336927,-8.031078308181614
2002-03-31,6.992690901900747,14.47945867292669,31.676798569704893,-7.263349501952233
2002-04-01,6.465729306234212,13.432481696251337,33.26871802372691,-5.959376252832383
2002-04-02,5.434836343528901,12.81053845123439,33.32939421217219,-4.405128599521819
2002-04-03,7.23215760707469,12.15214940683614,34.79199449208693,-1.3808418221961465
2002-04-04,8.846591683752697,12.722543185099887,34.15821710117055,0.40802951345476846
2002-04-05,8.366363939854102,12.386434965613022,35.34582157668587,2.3779421344264033
2002-04-06,6.8532848761614975,12.28155369525798,35.73144969813893,1.6938794395903742
2002-04-07,7.225144535667303,13.54292033736773,37.343659015699394,0.23599082041971875
2002-04-08,8.776690512193342,12.39510014498008,37.21096028523793,-0.04360584088367936
2002-04-09,8.234514198446293,10.646232680660791,38.80168565358471,-1.5576615785599346
2002-04-10,6.183896340002498,10.472457441129027,39.15221371967607,-0.04143880646201792
2002-04-11,5.1557851191485575,11.633010969447653,37.96116090143688,0.7301581493767197
2002-04-12,5.398224561048572,12.05094623929404,38.01004740024644,1.7951790943152146
2002-04-13,4.499011361273817,11.01021399226461,36.84604731241354,1.5384718206983616
2002-04-14,5.011270172744732,10.181321996615624,35.07825933915485,1.2209461224125038
2002-04-15,6.613823417052011,11.523368963256702,33.92824088935539,0.1012148613840178
2002-04-16,4.4045611536533045,11.993400746295626,33.79806551468689,-0.6697038430668864
2002-04-17,2.947672649254656,11.413387163616955,34.66052387240751,-0.6949730539879085
2002-04-18,1.8762395788890094,11.491502006353942,35.23150935578086,-0.5137284893554734
2002-04-19,2.859827397947182,12.69232194761311,34.525724508546666,-0.5218207952473167
2002-04-20,3.337109345611382,13.693875963008932,33.938556291922396,-1.8022299272109326
2002-04-21,2.1557806447898544,13.669577860582047,34.0400952433422,-1.6313652437758555
2002-04-22,2.6798872707033228,14.648029592908955,34.78895863134695,-2.3133020296170237
2002-04-23,2.395615007019523,16.566877045741762,33.81400302734779,-2.6632743787284046
2002-04-24,4.22666484041138,14.82996804587352,34.14470770959305,-3.3269071908761156
2002-04-25,5.374202888883751,14.241639185820322,33.55282231913292,-3.60320278933553
2002-04-26,4.128842499975778,14.336082178214543,33.0563394699342,-4.547713439768756
2002-04-27,4.577213485381252,15.169341104006527,32.63899075749364,-3.09714868672517
2002-04-28,5.920397539401403,15.38967732047238,33.89342337467104,-0.6584800172497562
2002-04-29,6.527043665515984,14.367070974239297,32.62465712229304,-0.8241156518417266
2002-04-30,5.911183362679396,14.307898192331203,33.68438166678104,-0.8873239985970495
2002-05-01,7.225597058302887,14.39275228226079,34.873650302180785,0.32069008091440676
2002-05-02,7.873120863113325,15.112757716516496,35.32300934626514,0.09191933135815317
2002-05-03,8.111484952287237,14.866341654934457,36.389918405559115,0.6819362587474038
2002-05-04,7.4147814340676215,15.293573464939268,36.76664269088106,2.48609027783075
2002-05-05,7.058758344500787,15.233131886892137,37.26129577400001,2.8058708122521963
2002-05-06,6.541471596094116,16.138623803560172,37.77179518580645,2.4331293972245875
2002-05-07,4.951381094402429,17.081043318854114,36.32400279818374,2.725913004787465
2002-05-08,3.9439102357826075,16.348778235532638,36.75896989521339,2.9481948228229986
2002-05-09,3.3593583598398253,14.633265312451691,36.8349652458786,3.2326324466362926
2002-05-10,4.787456655836801,13.813687114681342,34.709202435587926,1.8332432980669693
2002-05-11,5.973451903010425,13.429289821014997,33.715243902852436,1.7386639537016995
2002-05-12,7.595050787356308,13.019573247765246,33.42290888921231,3.0502026572304373
2002-05-13,8.001728017347778,13.185002318309092,33.38013395284989,3.5984216629382284
2002-05-14,8.560091704870937,13.103885497443102,32.9183687412393,3.5450177247589876
2002-05-15,8.828455934688758,11.856051184207972,36.144671456625396,4.306526176734049
2002-05-16,10.925292218834977,12.311136313653936,35.102451202334436,4.923242563581045
2002-05-17,9.319155189764214,12.455294703205398,35.303343063847194,4.282784106609939
2002-05-18,8.77014011175056,11.041071016579384,34.406426906223345,2.0870541370406346
2002-05-19,9.630226278387914,10.506825463933302,35.24749022113152,3.141065527085213
2002-05-20,9.40395722846444,9.714514021326467,34.501878831269266,2.8029063160537913
2002-05-21,9.355784187875512,8.675533051004146,34.41652083397332,3.428758143173138
2002-05-22,9.140465218228405,8.04361166799695,36.338112191977864,3.2691985133683907
2002-05-23,8.12547931342653,8.206186520991873,35.57619998887665,2.3722720742045955
2002-05-24,9.155668948534055,7.121929653855184,35.66230845322845,1.6072740354286967
2002-05-25,7.680592655840593,6.8717337745881375,34.893171014449365,1.1280040334143564
2002-05-26,8.010217225571962,7.198336078408945,33.985499807777266,1.1457170394656553
2002-05-27,8.061449437545885,5.139136084189351,32.774485677147496,1.6360162914709082
2002-05-28,9.040753476271377,3.9938082388943617,34.07466792158806,2.7624646912086055
2002-05-29,8.59979175238265,3.566156500794494,34.192622056589116,3.1509210536225165
2002-05-30,7.767215156617188,3.980778892100741,33.801712946166205,2.3873181794504634
2002-05-31,7.776451843829194,5.850784846896021,33.09536930717421,3.78455731930774
2002-06-01,7.5425054909360085,4.993251668249751,33.89559580726514,4.953936101492627
2002-06-02,7.763022237466799,3.530908053899778,34.56357753234723,5.599858092390446
2002-06-03,7.318434714212133,2.521047866335689,34.798507227181176,6.82755170532356
2002-06-04,8.323076225735917,2.3124637056978132,33.62991505084502,5.9837097850986165
2002-06-05,6.735445604140049,1.999761127587411,33.696796471195945,6.931756635306074
2002-06-06,4.570057757469041,2.3325030937170763,34.97792238453909,5.6853916036064085
2002-06-07,5.347834578652487,2.079450086426113,34.15387893084865,5.874406980288604
2002-06-08,4.014093996678996,1.607332986651509,32.965923155348065,5.9315975560283585
2002-06-09,4.227848179562915,0.46468943361588244,34.0735568751483,4.933301218174452
2002-06-10,2.795908333497776,0.7884080936064054,33.769473037265016,5.288113347554239
2002-06-11,2.741470545164626,-0.23518856469471083,33.3326848000846,6.1421947347960355
2002-06-12,4.648452073576248,-0.6651787596873503,35.14638308797602,6.5622099097834585
2002-06-13,4.777909832532725,-0.9749179397796266,36.49293211412613,5.832357464110693
2002-06-14,4.911129967787186,-1.474776879067189,35.17238497199867,5.529035191798245
2002-06-15,5.018314113986888,-2.311205938092899,34.59202699000631,5.386111290140894
2002-06-16,4.381676119011464,-2.8331218407680856,34.94320165543736,5.170069259936841
2002-06-17,5.234477757980265,-5.884481842262178,33.67016906382559,6.982248299437428
2002-06-18,3.896275529743728,-7.06520159347734,33.242844421801294,7.017376964034008
2002-06-19,3.335575658529085,-6.861362798935993,31.85822505314178,7.860261444679793
2002-06-20,1.8772429881479316,-4.883116079228193,32.0447800653476,9.152397857814139
2002-06-21,3.4429858144990098,-3.685610184592503,31.71021656960609,10.603978910808138
2002-06-22,4.931904080069674,-4.464761238816784,30.952706956392692,10.966708553269452
2002-06-23,4.728839738794677,-2.7326921520764866,30.436151192134734,9.620055336153227
2002-06-24,4.53435126374663,-3.037073059338616,29.621933580499032,10.705697502321804
2002-06-25,3.929810727941919,-2.6613696932228197,29.327907036784644,9.272911341171106
2002-06-26,4.282498212682501,-0.7935316875344858,29.42362132067725,11.356680916792918
2002-06-27,5.640687518939311,-0.7674813491538623,29.15392292978716,11.991050118412273
2002-06-28,6.503359634932603,0.29805988805983663,28.378726695170126,11.325360527230336
2002-06-29,6.804165418880528,-1.3833304307048289,26.98273028091522,12.251555866813936
2002-06-30,7.842344566266919,-2.8784864041461242,25.846694707091327,10.521804528157329
2002-07-01,7.5375770492986,-1.887082130031473,25.652898504163854,9.915452102378385
2002-07-02,6.507752654722015,-2.2041543844368974,25.610265859394953,11.14871669252282
2002-07-03,5.277156522318736,0.3004085560099221,24.367781684572158,14.008933378237302
2002-07-04,3.953759494485549,0.424288770352713,22.77222964498353,15.255559710260615
2002-07-05,5.636505931916737,2.9366714921691415,22.428543274757338,15.928145306244865
2002-07-06,3.967695719410305,2.5706954229080945,21.68169978483499,16.213660533009154
2002-07-07,4.195958947595096,1.8943520792292698,21.52722802354898,16.544439139652418
2002-07-08,5.447332513570212,2.5804401170208693,21.316431036936194,14.51629027086918
2002-07-09,4.990719789378689,1.0243825148614083,21.257041836508762,15.19633312037603
2002-07-10,5.630388726207021,1.0217061036307382,20.590640346058077,15.294504299575667
2002-07-11,7.150279661294242,1.5928456046136517,21.000189371392683,16.90317146000658
2002-07-12,6.692800765653242,1.9626782934556504,20.29688979112886,16.451645829192284
2002-07-13,6.94598420702283,3.2222506393511057,20.212008787960784,16.306524918741097
2002-07-14,7.21377444882294,3.287358791488126,19.254927218970668,16.88962991733075
2002-07-15,8.370918151373438,2.7327831256642017,19.12420685826306,18.29021864950556
2002-07-16,9.122831413298801,4.372826507661964,21.774965019426947,19.522676373679996
2002-07-17,10.44784502168573,3.265916402620416,22.231450954666805,18.673771684322865
2002-07-18,11.203497605047502,4.148490977765546,22.17484999207655,19.73232556568496
2002-07-19,10.751697553614672,6.813132447388233,22.49610194125781,22.200263229011323
2002-07-20,9.94761822597044,6.607145500405932,23.45503878042484,21.13426166747438
2002-07-21,8.590345834200821,5.881138094093236,24.2107543520084,22.987726909219507
2002-07-22,10.308604033943036,3.966601804835915,24.965642130952673,23.611600489900667
2002-07-23,10.751595941550498,2.4775413594953064,24.294816656405537,24.36187523556329
2002-07-24,8.090673603330957,2.50403436941461,24.050347541171437,22.029180676795917
2002-07-25,9.563801049298364,2.52782362745556,24.457544773345358,22.64591324303163
2002-07-26,9.648151781001589,2.548440674969038,25.450124693035495,23.052929320004345
2002-07-27,9.180468760322034,4.196606683528976,26.358406812927395,22.16709874954161
2002-07-28,6.505886695781667,5.359994950799747,27.371164281559242,23.293295061587198
2002-07-29,5.937123685192255,5.902266143323362,28.052715189592323,22.405985667097415
2002-07-30,5.936178348244094,5.099124580825862,29.31744454525776,22.329887463766163
2002-07-31,5.240473657002061,5.258889694109571,28.773104307712412,22.978395828466372
2002-08-01,5.878948350734183,5.984756679126168,28.160865238975255,23.386178251442292
2002-08-02,5.843592658677399,6.535000381102043,29.08689989266442,24.78576486922994
2002-08-03,3.7580676795544905,5.098419279461876,28.118581641734785,26.40497805692145
2002-08-04,3.576454792409852,2.2901550455084365,29.29052463711911,25.154523485703038
2002-08-05,1.8260398793669588,2.8989688444446955,29.68338126548971,24.09783896087001
2002-08-06,1.7031094500780233,4.088869532433516,28.584270958180277,22.93605771815326
2002-08-07,2.345687857965846,4.981263454695425,29.462003868922178,22.979755020484962
2002-08-08,1.8333130178668722,4.470912966170434,32.505606066681956,23.33626291176819
2002-08-09,2.0679550139146956,4.812487341409307,31.048026317015765,23.303944178871408
2002-08-10,1.2020940809468055,5.49922822389024,31.678834366435495,22.20098286608068
2002-08-11,0.0818050512810069,3.844034238764581,30.245550690988882,21.09310749355403
2002-08-12,0.2943072188620944,4.6486919149286905,27.886871774548222,20.272291892029568
2002-08-13,1.159057083380503,4.605555066697022,28.160551383201803,21.836561420768685
2002-08-14,1.0544296585365622,5.128560734879026,28.37872882527576,21.690102430163243
2002-08-15,0.7006714050373417,5.446865425774163,29.60871301887639,23.08155780500738
2002-08-16,-0.7621122524547161,5.150195168591965,29.31364764896728,23.928377247245464
2002-08-17,-0.9039669751332389,5.872245227700324,29.3736639624728,24.403695395592926
2002-08-18,0.24459755930855476,6.611380046744312,29.343969365871793,23.022676950980717
2002-08-19,0.8953563425769523,6.981801994745917,29.964169187728633,23.235575034062887
2002-08-20,0.6902492415217725,7.1792111317785015,30.57664296515063,22.269040280718436
2002-08-21,1.441364891871086,7.999970993323085,30.893894119398276,23.710939950144542
2002-08-22,1.8818590675548768,8.93990648344579,29.270873520956428,23.973834993824468
2002-08-23,0.7860641450081649,9.65786956874349,29.477131788570986,24.41511012103565
2002-08-24,-0.11695384328729275,8.639311068486206,29.265311207605098,23.569681021860163
2002-08-25,-0.42127638946879187,9.526153016568603,28.546538294279888,23.837229608296102
2002-08-26,-1.3354318699987089,10.264807330552841,28.65259900452754,22.46599265617012
2002-08-27,-0.28467885407175975,10.957543511346255,29.65735049893312,21.356058933062805
2002-08-28,-2.1427640359305795,12.373750130112347,30.398026284036977,21.478213163218413
2002-08-29,-1.5257493193348761,11.311139822553498,30.22663266403058,22.098981477077448
2002-08-30,-1.081723953164941,9.781541641377963,28.636016157487308,22.17225860273434
2002-08-31,-1.5390957813782151,10.546615117897408,29.941568172828664,20.5250392996576
2002-09-01,-1.6279754895922287,10.720885389314216,29.133695257213795,22.10031430053622
2002-09-02,0.13139734108034884,11.323937932016014,29.006359866871307,21.76842119451168
2002-09-03,-0.18054737327561815,11.52305846964768,28.462802757239906,21.575035902018815
2002-09-04,-0.1473208922426677,11.825615438379304,28.99848382495733,22.26898405714581
2002-09-05,0.4013225672946807,11.567736119188979,29.451687023064427,22.16422605114312
2002-09-06,-0.018150423181383546,12.017150366046492,30.918184699104874,23.553168451416713
2002-09-07,-0.19035447270489167,13.167177649668815,30.705405200192438,25.02879090405689
2002-09-08,1.3759866533008933,12.598161278882703,32.2757940010952,25.427575407480287
2002-09-09,-0.8569982118962864,11.350649843658202,31.891824106811246,24.30317442677821
2002-09-10,-1.6209207405779291,11.061140580454175,31.88503260182551,24.047451685111117
2002-09-11,-1.7974878213792294,10.990172283278364,33.81026172697509,22.27306904369136
2002-09-12,-3.44989371806458,10.16366580199541,34.990956274580036,23.988350151062495
2002-09-13,-3.5286122772802386,9.952153700432222,35.88779485159641,24.063058953514528
2002-09-14,-2.715191723940588,10.738658381701587,35.143615028897536,23.996112179930034
2002-09-15,-3.1010339968837086,11.867774680705867,36.044383977602955,23.230860245922965
2002-09-16,-4.028257783673873,13.722244216180748,36.93457655149665,24.901213288771277
2002-09-17,-4.314413959714437,13.839569529791687,36.62726193780611,26.789728583864935
2002-09-18,-5.1277343961331745,13.69195315115389,37.901884202389,26.819296428942053
2002-09-19,-6.485780322077299,12.427842991889461,36.15819094673094,26.690027971166526
2002-09-20,-6.164607642969468,13.80057243707107,36.56942414741841,27.121099904071443
2002-09-21,-6.139936124730275,14.27883631110981,36.97985267124036,28.421569897841014
2002-09-22,-6.944856129824192,14.118280990228618,35.96794428073951,29.27235449548063
2002-09-23,-6.463815173203382,14.401496444476814,35.09639263749252,30.422309299917245
2002-09-24,-7.106295629699318,16.247492354501436,33.74014331918293,29.716176552409394
2002-09-25,-5.4354358986509155,15.072360165606865,32.399690117033984,28.175544701078486
2002-09-26,-6.461661703047815,13.903965097232659,32.82289089980232,29.05227449301744
